CustomerID,Segment
0,High-Value
1,High-Value
2,High-Value
3,High-Value
4,Medium-Value
5,High-Value
6,Low-Value
7,High-Value
8,Medium-Value
9,High-Value
10,High-Value
11,High-Value
12,High-Value
13,High-Value
14,Medium-Value
15,High-Value
16,High-Value
17,High-Value
18,High-Value
19,Medium-Value
20,High-Value
21,High-Value
22,High-Value
23,Medium-Value
24,High-Value
25,Medium-Value
26,High-Value
27,High-Value
28,High-Value
29,High-Value
30,High-Value
31,High-Value
32,High-Value
33,Medium-Value
34,High-Value
35,High-Value
36,Medium-Value
37,High-Value
38,High-Value
39,High-Value
40,High-Value
41,High-Value
42,High-Value
43,Low-Value
44,Medium-Value
45,Medium-Value
46,High-Value
47,High-Value
48,High-Value
49,High-Value
50,High-Value
51,High-Value
52,High-Value
53,High-Value
54,High-Value
55,High-Value
56,High-Value
57,High-Value
58,High-Value
59,High-Value
60,High-Value
61,High-Value
62,High-Value
63,High-Value
64,High-Value
65,High-Value
66,High-Value
67,High-Value
68,Medium-Value
69,High-Value
70,High-Value
71,High-Value
72,High-Value
73,High-Value
74,High-Value
75,High-Value
76,High-Value
77,Medium-Value
78,Medium-Value
79,High-Value
80,Medium-Value
81,High-Value
82,Medium-Value
83,Medium-Value
84,High-Value
85,Medium-Value
86,High-Value
87,Medium-Value
88,High-Value
89,High-Value
90,High-Value
91,High-Value
92,High-Value
93,High-Value
94,High-Value
95,High-Value
96,High-Value
97,High-Value
98,High-Value
99,High-Value
100,High-Value
101,High-Value
102,High-Value
103,High-Value
104,High-Value
105,High-Value
106,High-Value
107,High-Value
108,High-Value
109,High-Value
110,High-Value
111,High-Value
112,High-Value
113,High-Value
114,Medium-Value
115,High-Value
116,Medium-Value
117,Medium-Value
118,Medium-Value
119,High-Value
120,High-Value
121,Medium-Value
122,High-Value
123,High-Value
124,High-Value
125,Medium-Value
126,Low-Value
127,High-Value
128,Medium-Value
129,Medium-Value
130,High-Value
131,Medium-Value
132,High-Value
133,High-Value
134,Medium-Value
135,High-Value
136,High-Value
137,High-Value
138,Medium-Value
139,High-Value
140,High-Value
141,Medium-Value
142,High-Value
143,High-Value
144,High-Value
145,Medium-Value
146,High-Value
147,High-Value
148,Medium-Value
149,Medium-Value
150,High-Value
151,High-Value
152,High-Value
153,Medium-Value
154,High-Value
155,High-Value
156,High-Value
157,Medium-Value
158,High-Value
159,High-Value
160,Medium-Value
161,Low-Value
162,High-Value
163,Medium-Value
164,Medium-Value
165,High-Value
166,High-Value
167,High-Value
168,Medium-Value
169,High-Value
170,High-Value
171,Medium-Value
172,High-Value
173,Medium-Value
174,Medium-Value
175,Medium-Value
176,High-Value
177,High-Value
178,High-Value
179,High-Value
180,Medium-Value
181,Medium-Value
182,High-Value
183,High-Value
184,High-Value
185,Medium-Value
186,Medium-Value
187,Medium-Value
188,High-Value
189,High-Value
190,High-Value
191,High-Value
192,Medium-Value
193,Medium-Value
194,Medium-Value
195,High-Value
196,High-Value
197,Medium-Value
198,Medium-Value
199,Medium-Value
200,High-Value
201,High-Value
202,High-Value
203,High-Value
204,High-Value
205,High-Value
206,High-Value
207,Medium-Value
208,High-Value
209,Medium-Value
210,High-Value
211,High-Value
212,High-Value
213,High-Value
214,High-Value
215,High-Value
216,Medium-Value
217,High-Value
218,High-Value
219,Medium-Value
220,Medium-Value
221,High-Value
222,High-Value
223,High-Value
224,Medium-Value
225,Medium-Value
226,High-Value
227,High-Value
228,High-Value
229,High-Value
230,High-Value
231,High-Value
232,High-Value
233,High-Value
234,High-Value
235,High-Value
236,High-Value
237,Medium-Value
238,High-Value
239,Medium-Value
240,High-Value
241,High-Value
242,Medium-Value
243,High-Value
244,High-Value
245,High-Value
246,Medium-Value
247,High-Value
248,Medium-Value
249,Medium-Value
250,High-Value
251,High-Value
252,High-Value
253,High-Value
254,High-Value
255,High-Value
256,Low-Value
257,Medium-Value
258,High-Value
259,High-Value
260,Low-Value
261,High-Value
262,High-Value
263,High-Value
264,High-Value
265,Medium-Value
266,High-Value
267,High-Value
268,High-Value
269,High-Value
270,High-Value
271,High-Value
272,High-Value
273,High-Value
274,High-Value
275,High-Value
276,High-Value
277,Low-Value
278,High-Value
279,High-Value
280,Medium-Value
281,High-Value
282,High-Value
283,High-Value
284,High-Value
285,High-Value
286,High-Value
287,High-Value
288,Medium-Value
289,Medium-Value
290,High-Value
291,High-Value
292,High-Value
293,High-Value
294,High-Value
295,High-Value
296,High-Value
297,High-Value
298,High-Value
299,Medium-Value
300,High-Value
301,High-Value
302,Medium-Value
303,High-Value
304,High-Value
305,High-Value
306,High-Value
307,High-Value
308,High-Value
309,Medium-Value
310,High-Value
311,High-Value
312,High-Value
313,Medium-Value
314,High-Value
315,Medium-Value
316,Medium-Value
317,Medium-Value
318,High-Value
319,Medium-Value
320,Medium-Value
321,High-Value
322,Medium-Value
323,High-Value
324,High-Value
325,High-Value
326,High-Value
327,High-Value
328,Medium-Value
329,High-Value
330,High-Value
331,High-Value
332,High-Value
333,Medium-Value
334,High-Value
335,High-Value
336,High-Value
337,High-Value
338,Medium-Value
339,High-Value
340,High-Value
341,High-Value
342,High-Value
343,High-Value
344,High-Value
345,High-Value
346,High-Value
347,High-Value
348,High-Value
349,High-Value
350,High-Value
351,Medium-Value
352,Medium-Value
353,Low-Value
354,Medium-Value
355,Medium-Value
356,Medium-Value
357,High-Value
358,High-Value
359,Medium-Value
360,Medium-Value
361,High-Value
362,Medium-Value
363,Medium-Value
364,Medium-Value
365,High-Value
366,Medium-Value
367,Medium-Value
368,High-Value
369,High-Value
370,Medium-Value
371,High-Value
372,High-Value
373,Low-Value
374,High-Value
375,High-Value
376,Medium-Value
377,High-Value
378,Medium-Value
379,High-Value
380,Medium-Value
381,High-Value
382,Medium-Value
383,Medium-Value
384,Medium-Value
385,Medium-Value
386,High-Value
387,Medium-Value
388,High-Value
389,High-Value
390,High-Value
391,High-Value
392,High-Value
393,High-Value
394,Medium-Value
395,Medium-Value
396,High-Value
397,High-Value
398,Medium-Value
399,Medium-Value
400,High-Value
401,High-Value
402,Low-Value
403,High-Value
404,High-Value
405,High-Value
406,Medium-Value
407,High-Value
408,High-Value
409,High-Value
410,High-Value
411,Medium-Value
412,High-Value
413,Medium-Value
414,Medium-Value
415,High-Value
416,High-Value
417,High-Value
418,High-Value
419,Medium-Value
420,High-Value
421,High-Value
422,Medium-Value
423,High-Value
424,High-Value
425,Medium-Value
426,Medium-Value
427,Medium-Value
428,Medium-Value
429,Medium-Value
430,Medium-Value
431,High-Value
432,Medium-Value
433,High-Value
434,High-Value
435,High-Value
436,High-Value
437,High-Value
438,High-Value
439,High-Value
440,Medium-Value
441,High-Value
442,High-Value
443,High-Value
444,Medium-Value
445,High-Value
446,Medium-Value
447,Medium-Value
448,High-Value
449,High-Value
450,High-Value
451,Medium-Value
452,Medium-Value
453,High-Value
454,High-Value
455,High-Value
456,High-Value
457,High-Value
458,Medium-Value
459,High-Value
460,High-Value
461,High-Value
462,High-Value
463,Medium-Value
464,High-Value
465,High-Value
466,High-Value
467,High-Value
468,High-Value
469,High-Value
470,Medium-Value
471,High-Value
472,Medium-Value
473,High-Value
474,Medium-Value
475,High-Value
476,High-Value
477,Medium-Value
478,High-Value
479,Medium-Value
480,Medium-Value
481,High-Value
482,Medium-Value
483,High-Value
484,Low-Value
485,High-Value
486,Medium-Value
487,Medium-Value
488,Low-Value
489,High-Value
490,High-Value
491,High-Value
492,High-Value
493,Medium-Value
494,High-Value
495,Medium-Value
496,High-Value
497,Medium-Value
498,High-Value
499,Medium-Value
500,High-Value
501,High-Value
502,Medium-Value
503,Medium-Value
504,High-Value
505,High-Value
506,Low-Value
507,Medium-Value
508,Low-Value
509,High-Value
510,High-Value
511,High-Value
512,High-Value
513,High-Value
514,Medium-Value
515,High-Value
516,High-Value
517,High-Value
518,High-Value
519,High-Value
520,High-Value
521,High-Value
522,High-Value
523,High-Value
524,Medium-Value
525,High-Value
526,High-Value
527,High-Value
528,High-Value
529,High-Value
530,High-Value
531,High-Value
532,Medium-Value
533,High-Value
534,High-Value
535,High-Value
536,High-Value
537,High-Value
538,Medium-Value
539,High-Value
540,Medium-Value
541,Medium-Value
542,Medium-Value
543,Medium-Value
544,Medium-Value
545,High-Value
546,Medium-Value
547,Medium-Value
548,Medium-Value
549,Medium-Value
550,High-Value
551,Medium-Value
552,Medium-Value
553,High-Value
554,High-Value
555,High-Value
556,Medium-Value
557,Low-Value
558,High-Value
559,High-Value
560,Medium-Value
561,Medium-Value
562,High-Value
563,High-Value
564,Medium-Value
565,Medium-Value
566,High-Value
567,High-Value
568,Low-Value
569,High-Value
570,High-Value
571,Medium-Value
572,Medium-Value
573,High-Value
574,Medium-Value
575,High-Value
576,Low-Value
577,High-Value
578,Medium-Value
579,High-Value
580,High-Value
581,High-Value
582,High-Value
583,High-Value
584,High-Value
585,High-Value
586,Low-Value
587,Medium-Value
588,High-Value
589,High-Value
590,High-Value
591,Medium-Value
592,Low-Value
593,High-Value
594,Low-Value
595,Medium-Value
596,High-Value
597,High-Value
598,High-Value
599,High-Value
600,High-Value
601,High-Value
602,Medium-Value
603,High-Value
604,Medium-Value
605,Medium-Value
606,High-Value
607,Medium-Value
608,High-Value
609,High-Value
610,High-Value
611,High-Value
612,Medium-Value
613,High-Value
614,High-Value
615,High-Value
616,High-Value
617,Low-Value
618,Medium-Value
619,High-Value
620,High-Value
621,Medium-Value
622,High-Value
623,High-Value
624,High-Value
625,Medium-Value
626,Medium-Value
627,Medium-Value
628,High-Value
629,Medium-Value
630,Medium-Value
631,High-Value
632,Medium-Value
633,High-Value
634,High-Value
635,Low-Value
636,High-Value
637,Medium-Value
638,Medium-Value
639,Medium-Value
640,High-Value
641,Medium-Value
642,Low-Value
643,High-Value
644,High-Value
645,High-Value
646,High-Value
647,High-Value
648,Medium-Value
649,High-Value
650,High-Value
651,Medium-Value
652,High-Value
653,High-Value
654,High-Value
655,Medium-Value
656,High-Value
657,Low-Value
658,High-Value
659,High-Value
660,Medium-Value
661,High-Value
662,High-Value
663,Medium-Value
664,Medium-Value
665,Medium-Value
666,Medium-Value
667,High-Value
668,High-Value
669,High-Value
670,High-Value
671,High-Value
672,High-Value
673,Medium-Value
674,High-Value
675,Medium-Value
676,High-Value
677,Medium-Value
678,Medium-Value
679,High-Value
680,High-Value
681,Medium-Value
682,High-Value
683,High-Value
684,Medium-Value
685,High-Value
686,Medium-Value
687,High-Value
688,High-Value
689,Medium-Value
690,High-Value
691,High-Value
692,High-Value
693,High-Value
694,High-Value
695,High-Value
696,High-Value
697,Medium-Value
698,Medium-Value
699,Medium-Value
700,High-Value
701,Medium-Value
702,High-Value
703,Medium-Value
704,High-Value
705,High-Value
706,Low-Value
707,Medium-Value
708,High-Value
709,Medium-Value
710,High-Value
711,High-Value
712,Medium-Value
713,Low-Value
714,High-Value
715,Medium-Value
716,Medium-Value
717,Medium-Value
718,High-Value
719,Low-Value
720,Medium-Value
721,High-Value
722,Low-Value
723,High-Value
724,High-Value
725,High-Value
726,High-Value
727,High-Value
728,High-Value
729,High-Value
730,High-Value
731,High-Value
732,High-Value
733,High-Value
734,High-Value
735,Medium-Value
736,High-Value
737,High-Value
738,High-Value
739,High-Value
740,High-Value
741,High-Value
742,High-Value
743,Medium-Value
744,High-Value
745,High-Value
746,Medium-Value
747,High-Value
748,High-Value
749,High-Value
750,Medium-Value
751,High-Value
752,Medium-Value
753,Medium-Value
754,Medium-Value
755,Medium-Value
756,High-Value
757,Medium-Value
758,Medium-Value
759,High-Value
760,High-Value
761,High-Value
762,High-Value
763,Medium-Value
764,Medium-Value
765,High-Value
766,High-Value
767,Medium-Value
768,High-Value
769,Low-Value
770,High-Value
771,Medium-Value
772,High-Value
773,Medium-Value
774,High-Value
775,High-Value
776,High-Value
777,High-Value
778,High-Value
779,Medium-Value
780,High-Value
781,High-Value
782,High-Value
783,High-Value
784,High-Value
785,Low-Value
786,High-Value
787,Medium-Value
788,High-Value
789,High-Value
790,Medium-Value
791,High-Value
792,Low-Value
793,Medium-Value
794,High-Value
795,High-Value
796,High-Value
797,Medium-Value
798,High-Value
799,High-Value
800,High-Value
801,High-Value
802,Medium-Value
803,Medium-Value
804,High-Value
805,High-Value
806,High-Value
807,High-Value
808,High-Value
809,Medium-Value
810,High-Value
811,High-Value
812,High-Value
813,High-Value
814,High-Value
815,Medium-Value
816,High-Value
817,Medium-Value
818,Medium-Value
819,High-Value
820,High-Value
821,Medium-Value
822,High-Value
823,High-Value
824,High-Value
825,Medium-Value
826,High-Value
827,High-Value
828,High-Value
829,Medium-Value
830,High-Value
831,Medium-Value
832,High-Value
833,Medium-Value
834,High-Value
835,High-Value
836,Medium-Value
837,High-Value
838,Medium-Value
839,Medium-Value
840,High-Value
841,High-Value
842,High-Value
843,Medium-Value
844,High-Value
845,Medium-Value
846,Medium-Value
847,Medium-Value
848,Medium-Value
849,High-Value
850,High-Value
851,High-Value
852,Medium-Value
853,High-Value
854,High-Value
855,High-Value
856,Medium-Value
857,High-Value
858,High-Value
859,Medium-Value
860,High-Value
861,High-Value
862,High-Value
863,Medium-Value
864,Medium-Value
865,Medium-Value
866,High-Value
867,Medium-Value
868,High-Value
869,Medium-Value
870,High-Value
871,High-Value
872,Medium-Value
873,Medium-Value
874,Medium-Value
875,High-Value
876,High-Value
877,High-Value
878,High-Value
879,Medium-Value
880,High-Value
881,High-Value
882,Medium-Value
883,High-Value
884,High-Value
885,High-Value
886,High-Value
887,Medium-Value
888,Medium-Value
889,Medium-Value
890,Medium-Value
891,High-Value
892,High-Value
893,High-Value
894,High-Value
895,Medium-Value
896,High-Value
897,High-Value
898,High-Value
899,Low-Value
900,High-Value
901,High-Value
902,High-Value
903,High-Value
904,Medium-Value
905,Medium-Value
906,High-Value
907,High-Value
908,High-Value
909,Medium-Value
910,High-Value
911,Medium-Value
912,Medium-Value
913,Medium-Value
914,High-Value
915,High-Value
916,Medium-Value
917,High-Value
918,High-Value
919,High-Value
920,Medium-Value
921,Medium-Value
922,High-Value
923,Medium-Value
924,High-Value
925,High-Value
926,Medium-Value
927,High-Value
928,High-Value
929,Medium-Value
930,High-Value
931,Medium-Value
932,High-Value
933,Medium-Value
934,High-Value
935,Medium-Value
936,High-Value
937,Medium-Value
938,Medium-Value
939,Medium-Value
940,High-Value
941,High-Value
942,High-Value
943,High-Value
944,Medium-Value
945,High-Value
946,Medium-Value
947,Medium-Value
948,High-Value
949,Medium-Value
950,High-Value
951,High-Value
952,High-Value
953,High-Value
954,High-Value
955,High-Value
956,High-Value
957,High-Value
958,High-Value
959,Medium-Value
960,High-Value
961,Medium-Value
962,High-Value
963,High-Value
964,Medium-Value
965,High-Value
966,Medium-Value
967,High-Value
968,Low-Value
969,High-Value
970,High-Value
971,High-Value
972,Medium-Value
973,Medium-Value
974,High-Value
975,High-Value
976,High-Value
977,Medium-Value
978,Low-Value
979,Medium-Value
980,High-Value
981,Medium-Value
982,Medium-Value
983,Medium-Value
984,Medium-Value
985,Medium-Value
986,Medium-Value
987,High-Value
988,High-Value
989,Low-Value
990,Low-Value
991,High-Value
992,Low-Value
993,High-Value
994,Medium-Value
995,High-Value
996,High-Value
997,High-Value
998,Medium-Value
999,Medium-Value
1000,High-Value
1001,Low-Value
1002,High-Value
1003,High-Value
1004,Medium-Value
1005,High-Value
1006,Medium-Value
1007,High-Value
1008,Medium-Value
1009,Medium-Value
1010,Medium-Value
1011,High-Value
1012,Medium-Value
1013,High-Value
1014,Medium-Value
1015,High-Value
1016,High-Value
1017,High-Value
1018,High-Value
1019,Medium-Value
1020,High-Value
1021,High-Value
1022,Medium-Value
1023,High-Value
1024,High-Value
1025,High-Value
1026,Medium-Value
1027,High-Value
1028,High-Value
1029,Medium-Value
1030,Medium-Value
1031,Medium-Value
1032,High-Value
1033,High-Value
1034,High-Value
1035,High-Value
1036,Medium-Value
1037,Low-Value
1038,High-Value
1039,High-Value
1040,Medium-Value
1041,High-Value
1042,High-Value
1043,Medium-Value
1044,High-Value
1045,High-Value
1046,High-Value
1047,High-Value
1048,Medium-Value
1049,High-Value
1050,Medium-Value
1051,High-Value
1052,High-Value
1053,High-Value
1054,High-Value
1055,High-Value
1056,High-Value
1057,Medium-Value
1058,High-Value
1059,Medium-Value
1060,Medium-Value
1061,Medium-Value
1062,High-Value
1063,High-Value
1064,Medium-Value
1065,Medium-Value
1066,Medium-Value
1067,High-Value
1068,Medium-Value
1069,High-Value
1070,High-Value
1071,High-Value
1072,Medium-Value
1073,High-Value
1074,Medium-Value
1075,High-Value
1076,High-Value
1077,Medium-Value
1078,Medium-Value
1079,High-Value
1080,Medium-Value
1081,High-Value
1082,High-Value
1083,High-Value
1084,High-Value
1085,High-Value
1086,High-Value
1087,High-Value
1088,Medium-Value
1089,High-Value
1090,Medium-Value
1091,High-Value
1092,High-Value
1093,High-Value
1094,Medium-Value
1095,Medium-Value
1096,Medium-Value
1097,High-Value
1098,Low-Value
1099,Medium-Value
1100,High-Value
1101,Medium-Value
1102,High-Value
1103,Low-Value
1104,High-Value
1105,Medium-Value
1106,Medium-Value
1107,High-Value
1108,High-Value
1109,High-Value
1110,High-Value
1111,High-Value
1112,High-Value
1113,High-Value
1114,Medium-Value
1115,Medium-Value
1116,Medium-Value
1117,High-Value
1118,High-Value
1119,Medium-Value
1120,High-Value
1121,Medium-Value
1122,High-Value
1123,High-Value
1124,High-Value
1125,High-Value
1126,High-Value
1127,Medium-Value
1128,High-Value
1129,High-Value
1130,Medium-Value
1131,Medium-Value
1132,High-Value
1133,High-Value
1134,High-Value
1135,High-Value
1136,High-Value
1137,High-Value
1138,High-Value
1139,Medium-Value
1140,Medium-Value
1141,High-Value
1142,Medium-Value
1143,High-Value
1144,High-Value
1145,High-Value
1146,High-Value
1147,High-Value
1148,Medium-Value
1149,Medium-Value
1150,Medium-Value
1151,High-Value
1152,High-Value
1153,Medium-Value
1154,High-Value
1155,High-Value
1156,High-Value
1157,Medium-Value
1158,High-Value
1159,Medium-Value
1160,Medium-Value
1161,Medium-Value
1162,High-Value
1163,High-Value
1164,Medium-Value
1165,Medium-Value
1166,Medium-Value
1167,High-Value
1168,Medium-Value
1169,High-Value
1170,Medium-Value
1171,High-Value
1172,High-Value
1173,Medium-Value
1174,Medium-Value
1175,Low-Value
1176,High-Value
1177,High-Value
1178,High-Value
1179,High-Value
1180,Low-Value
1181,Medium-Value
1182,High-Value
1183,High-Value
1184,High-Value
1185,High-Value
1186,High-Value
1187,Medium-Value
1188,Medium-Value
1189,High-Value
1190,High-Value
1191,Medium-Value
1192,Medium-Value
1193,High-Value
1194,Low-Value
1195,High-Value
1196,High-Value
1197,Medium-Value
1198,Medium-Value
1199,Medium-Value
1200,High-Value
1201,Medium-Value
1202,Medium-Value
1203,High-Value
1204,Medium-Value
1205,High-Value
1206,High-Value
1207,High-Value
1208,High-Value
1209,Medium-Value
1210,High-Value
1211,High-Value
1212,Medium-Value
1213,High-Value
1214,Low-Value
1215,High-Value
1216,High-Value
1217,High-Value
1218,High-Value
1219,High-Value
1220,High-Value
1221,High-Value
1222,High-Value
1223,High-Value
1224,High-Value
1225,High-Value
1226,Medium-Value
1227,Medium-Value
1228,High-Value
1229,High-Value
1230,High-Value
1231,High-Value
1232,High-Value
1233,High-Value
1234,Medium-Value
1235,High-Value
1236,Medium-Value
1237,Medium-Value
1238,Medium-Value
1239,High-Value
1240,High-Value
1241,High-Value
1242,High-Value
1243,High-Value
1244,High-Value
1245,Medium-Value
1246,High-Value
1247,Medium-Value
1248,High-Value
1249,Medium-Value
1250,High-Value
1251,High-Value
1252,Medium-Value
1253,High-Value
1254,Medium-Value
1255,High-Value
1256,High-Value
1257,High-Value
1258,Medium-Value
1259,Medium-Value
1260,Low-Value
1261,High-Value
1262,High-Value
1263,High-Value
1264,Medium-Value
1265,High-Value
1266,High-Value
1267,High-Value
1268,Medium-Value
1269,Medium-Value
1270,Medium-Value
1271,High-Value
1272,Medium-Value
1273,High-Value
1274,Medium-Value
1275,Medium-Value
1276,High-Value
1277,Medium-Value
1278,Low-Value
1279,High-Value
1280,Medium-Value
1281,High-Value
1282,High-Value
1283,Medium-Value
1284,High-Value
1285,Medium-Value
1286,Low-Value
1287,High-Value
1288,Medium-Value
1289,High-Value
1290,Medium-Value
1291,High-Value
1292,Medium-Value
1293,High-Value
1294,High-Value
1295,Medium-Value
1296,High-Value
1297,High-Value
1298,High-Value
1299,Medium-Value
1300,High-Value
1301,High-Value
1302,High-Value
1303,High-Value
1304,Medium-Value
1305,High-Value
1306,Low-Value
1307,High-Value
1308,Medium-Value
1309,High-Value
1310,High-Value
1311,High-Value
1312,High-Value
1313,High-Value
1314,Medium-Value
1315,High-Value
1316,High-Value
1317,High-Value
1318,High-Value
1319,Medium-Value
1320,High-Value
1321,High-Value
1322,Medium-Value
1323,Medium-Value
1324,High-Value
1325,High-Value
1326,Medium-Value
1327,Medium-Value
1328,Medium-Value
1329,High-Value
1330,High-Value
1331,High-Value
1332,Medium-Value
1333,High-Value
1334,Medium-Value
1335,High-Value
1336,High-Value
1337,High-Value
1338,Medium-Value
1339,High-Value
1340,High-Value
1341,Medium-Value
1342,High-Value
1343,Medium-Value
1344,Medium-Value
1345,Medium-Value
1346,High-Value
1347,High-Value
1348,High-Value
1349,High-Value
1350,High-Value
1351,High-Value
1352,Medium-Value
1353,Medium-Value
1354,High-Value
1355,High-Value
1356,High-Value
1357,High-Value
1358,High-Value
1359,High-Value
1360,Medium-Value
1361,High-Value
1362,Medium-Value
1363,High-Value
1364,Medium-Value
1365,Medium-Value
1366,Medium-Value
1367,Medium-Value
1368,High-Value
1369,High-Value
1370,High-Value
1371,High-Value
1372,High-Value
1373,High-Value
1374,High-Value
1375,High-Value
1376,Medium-Value
1377,Low-Value
1378,High-Value
1379,High-Value
1380,High-Value
1381,High-Value
1382,High-Value
1383,High-Value
1384,High-Value
1385,High-Value
1386,High-Value
1387,High-Value
1388,High-Value
1389,High-Value
1390,High-Value
1391,Medium-Value
1392,Medium-Value
1393,Medium-Value
1394,High-Value
1395,High-Value
1396,Medium-Value
1397,Medium-Value
1398,High-Value
1399,High-Value
1400,High-Value
1401,Medium-Value
1402,Medium-Value
1403,High-Value
1404,High-Value
1405,High-Value
1406,High-Value
1407,High-Value
1408,Medium-Value
1409,High-Value
1410,High-Value
1411,Medium-Value
1412,High-Value
1413,High-Value
1414,Medium-Value
1415,Medium-Value
1416,Medium-Value
1417,High-Value
1418,High-Value
1419,High-Value
1420,Medium-Value
1421,High-Value
1422,High-Value
1423,High-Value
1424,High-Value
1425,Medium-Value
1426,Medium-Value
1427,High-Value
1428,High-Value
1429,High-Value
1430,High-Value
1431,High-Value
1432,Medium-Value
1433,High-Value
1434,High-Value
1435,High-Value
1436,Low-Value
1437,High-Value
1438,Medium-Value
1439,High-Value
1440,High-Value
1441,High-Value
1442,High-Value
1443,Medium-Value
1444,High-Value
1445,Medium-Value
1446,High-Value
1447,High-Value
1448,Medium-Value
1449,High-Value
1450,High-Value
1451,Medium-Value
1452,Medium-Value
1453,High-Value
1454,Medium-Value
1455,High-Value
1456,Medium-Value
1457,High-Value
1458,Medium-Value
1459,High-Value
1460,High-Value
1461,Medium-Value
1462,Medium-Value
1463,High-Value
1464,High-Value
1465,High-Value
1466,Medium-Value
1467,High-Value
1468,Medium-Value
1469,Medium-Value
1470,Medium-Value
1471,Low-Value
1472,High-Value
1473,Low-Value
1474,Medium-Value
1475,Medium-Value
1476,High-Value
1477,Medium-Value
1478,High-Value
1479,High-Value
1480,Medium-Value
1481,High-Value
1482,High-Value
1483,Medium-Value
1484,Medium-Value
1485,Low-Value
1486,Medium-Value
1487,High-Value
1488,Medium-Value
1489,Medium-Value
1490,High-Value
1491,High-Value
1492,Medium-Value
1493,Medium-Value
1494,High-Value
1495,High-Value
1496,High-Value
1497,High-Value
1498,Low-Value
1499,High-Value
1500,Medium-Value
1501,High-Value
1502,High-Value
1503,High-Value
1504,High-Value
1505,High-Value
1506,Medium-Value
1507,High-Value
1508,High-Value
1509,High-Value
1510,High-Value
1511,High-Value
1512,High-Value
1513,Medium-Value
1514,High-Value
1515,High-Value
1516,Medium-Value
1517,High-Value
1518,High-Value
1519,Medium-Value
1520,High-Value
1521,High-Value
1522,Medium-Value
1523,Medium-Value
1524,High-Value
1525,Medium-Value
1526,High-Value
1527,Medium-Value
1528,High-Value
1529,High-Value
1530,Low-Value
1531,Low-Value
1532,Medium-Value
1533,High-Value
1534,High-Value
1535,High-Value
1536,High-Value
1537,High-Value
1538,High-Value
1539,High-Value
1540,Medium-Value
1541,High-Value
1542,Medium-Value
1543,High-Value
1544,Medium-Value
1545,Medium-Value
1546,High-Value
1547,Medium-Value
1548,High-Value
1549,Medium-Value
1550,High-Value
1551,High-Value
1552,High-Value
1553,High-Value
1554,High-Value
1555,High-Value
1556,Medium-Value
1557,High-Value
1558,Medium-Value
1559,High-Value
1560,High-Value
1561,Medium-Value
1562,High-Value
1563,Medium-Value
1564,Medium-Value
1565,High-Value
1566,High-Value
1567,Medium-Value
1568,Medium-Value
1569,Medium-Value
1570,High-Value
1571,High-Value
1572,Medium-Value
1573,Medium-Value
1574,High-Value
1575,Medium-Value
1576,Medium-Value
1577,High-Value
1578,Medium-Value
1579,High-Value
1580,High-Value
1581,Medium-Value
1582,Medium-Value
1583,High-Value
1584,High-Value
1585,High-Value
1586,High-Value
1587,High-Value
1588,High-Value
1589,Medium-Value
1590,High-Value
1591,Medium-Value
1592,Medium-Value
1593,High-Value
1594,High-Value
1595,Medium-Value
1596,Medium-Value
1597,Medium-Value
1598,High-Value
1599,Medium-Value
1600,High-Value
1601,High-Value
1602,High-Value
1603,Medium-Value
1604,High-Value
1605,High-Value
1606,High-Value
1607,High-Value
1608,High-Value
1609,High-Value
1610,Medium-Value
1611,Medium-Value
1612,Medium-Value
1613,High-Value
1614,High-Value
1615,High-Value
1616,Medium-Value
1617,High-Value
1618,High-Value
1619,High-Value
1620,High-Value
1621,High-Value
1622,Medium-Value
1623,High-Value
1624,Medium-Value
1625,Medium-Value
1626,High-Value
1627,High-Value
1628,Medium-Value
1629,High-Value
1630,High-Value
1631,High-Value
1632,High-Value
1633,High-Value
1634,High-Value
1635,High-Value
1636,Medium-Value
1637,Medium-Value
1638,High-Value
1639,High-Value
1640,Low-Value
1641,High-Value
1642,Medium-Value
1643,Medium-Value
1644,Medium-Value
1645,High-Value
1646,High-Value
1647,Medium-Value
1648,Medium-Value
1649,High-Value
1650,Low-Value
1651,High-Value
1652,High-Value
1653,High-Value
1654,Medium-Value
1655,High-Value
1656,High-Value
1657,Medium-Value
1658,Medium-Value
1659,Medium-Value
1660,High-Value
1661,High-Value
1662,High-Value
1663,High-Value
1664,High-Value
1665,Medium-Value
1666,High-Value
1667,Medium-Value
1668,Medium-Value
1669,High-Value
1670,Medium-Value
1671,High-Value
1672,Medium-Value
1673,High-Value
1674,High-Value
1675,High-Value
1676,High-Value
1677,High-Value
1678,Medium-Value
1679,Medium-Value
1680,High-Value
1681,Medium-Value
1682,High-Value
1683,High-Value
1684,Medium-Value
1685,Low-Value
1686,High-Value
1687,High-Value
1688,High-Value
1689,High-Value
1690,Medium-Value
1691,High-Value
1692,High-Value
1693,Medium-Value
1694,High-Value
1695,High-Value
1696,Medium-Value
1697,High-Value
1698,Medium-Value
1699,High-Value
1700,Medium-Value
1701,Medium-Value
1702,High-Value
1703,High-Value
1704,High-Value
1705,Medium-Value
1706,High-Value
1707,High-Value
1708,Medium-Value
1709,High-Value
1710,High-Value
1711,High-Value
1712,High-Value
1713,High-Value
1714,Medium-Value
1715,Low-Value
1716,High-Value
1717,High-Value
1718,High-Value
1719,Medium-Value
1720,Medium-Value
1721,High-Value
1722,High-Value
1723,Medium-Value
1724,High-Value
1725,Medium-Value
1726,High-Value
1727,Medium-Value
1728,High-Value
1729,High-Value
1730,High-Value
1731,Medium-Value
1732,High-Value
1733,Medium-Value
1734,High-Value
1735,High-Value
1736,High-Value
1737,High-Value
1738,High-Value
1739,High-Value
1740,Medium-Value
1741,High-Value
1742,Medium-Value
1743,High-Value
1744,High-Value
1745,Medium-Value
1746,High-Value
1747,High-Value
1748,Medium-Value
1749,Medium-Value
1750,High-Value
1751,Medium-Value
1752,High-Value
1753,High-Value
1754,High-Value
1755,High-Value
1756,High-Value
1757,High-Value
1758,High-Value
1759,High-Value
1760,High-Value
1761,High-Value
1762,Medium-Value
1763,High-Value
1764,Medium-Value
1765,High-Value
1766,High-Value
1767,High-Value
1768,High-Value
1769,Medium-Value
1770,High-Value
1771,High-Value
1772,Low-Value
1773,Medium-Value
1774,Medium-Value
1775,Medium-Value
1776,Medium-Value
1777,High-Value
1778,Medium-Value
1779,High-Value
1780,High-Value
1781,Medium-Value
1782,High-Value
1783,High-Value
1784,High-Value
1785,Medium-Value
1786,Medium-Value
1787,Medium-Value
1788,Medium-Value
1789,Low-Value
1790,High-Value
1791,Medium-Value
1792,High-Value
1793,Low-Value
1794,Medium-Value
1795,High-Value
1796,Medium-Value
1797,High-Value
1798,Medium-Value
1799,Medium-Value
1800,High-Value
1801,Medium-Value
1802,High-Value
1803,Medium-Value
1804,High-Value
1805,Medium-Value
1806,High-Value
1807,High-Value
1808,Medium-Value
1809,High-Value
1810,Medium-Value
1811,High-Value
1812,High-Value
1813,Medium-Value
1814,High-Value
1815,Low-Value
1816,Medium-Value
1817,High-Value
1818,High-Value
1819,High-Value
1820,High-Value
1821,Medium-Value
1822,High-Value
1823,Medium-Value
1824,High-Value
1825,Low-Value
1826,High-Value
1827,High-Value
1828,High-Value
1829,Medium-Value
1830,High-Value
1831,Medium-Value
1832,High-Value
1833,High-Value
1834,Medium-Value
1835,High-Value
1836,High-Value
1837,High-Value
1838,High-Value
1839,High-Value
1840,Medium-Value
1841,Medium-Value
1842,High-Value
1843,Medium-Value
1844,Low-Value
1845,High-Value
1846,High-Value
1847,High-Value
1848,High-Value
1849,Medium-Value
1850,High-Value
1851,High-Value
1852,High-Value
1853,High-Value
1854,High-Value
1855,Medium-Value
1856,High-Value
1857,High-Value
1858,High-Value
1859,Medium-Value
1860,High-Value
1861,Medium-Value
1862,Medium-Value
1863,Medium-Value
1864,High-Value
1865,High-Value
1866,High-Value
1867,High-Value
1868,Medium-Value
1869,High-Value
1870,High-Value
1871,High-Value
1872,Medium-Value
1873,High-Value
1874,High-Value
1875,High-Value
1876,High-Value
1877,Medium-Value
1878,Medium-Value
1879,High-Value
1880,High-Value
1881,High-Value
1882,Medium-Value
1883,High-Value
1884,High-Value
1885,High-Value
1886,High-Value
1887,High-Value
1888,Medium-Value
1889,Medium-Value
1890,High-Value
1891,High-Value
1892,Medium-Value
1893,High-Value
1894,High-Value
1895,High-Value
1896,High-Value
1897,High-Value
1898,Medium-Value
1899,Medium-Value
1900,High-Value
1901,Medium-Value
1902,Medium-Value
1903,High-Value
1904,Medium-Value
1905,Medium-Value
1906,Low-Value
1907,Medium-Value
1908,High-Value
1909,Medium-Value
1910,High-Value
1911,Medium-Value
1912,High-Value
1913,Medium-Value
1914,High-Value
1915,Medium-Value
1916,Medium-Value
1917,Medium-Value
1918,High-Value
1919,High-Value
1920,Medium-Value
1921,High-Value
1922,Medium-Value
1923,Medium-Value
1924,High-Value
1925,High-Value
1926,Medium-Value
1927,Medium-Value
1928,Medium-Value
1929,Medium-Value
1930,Medium-Value
1931,Medium-Value
1932,High-Value
1933,Medium-Value
1934,Medium-Value
1935,High-Value
1936,High-Value
1937,High-Value
1938,High-Value
1939,Medium-Value
1940,High-Value
1941,Medium-Value
1942,Medium-Value
1943,Medium-Value
1944,Medium-Value
1945,Medium-Value
1946,Medium-Value
1947,Medium-Value
1948,High-Value
1949,High-Value
1950,High-Value
1951,High-Value
1952,Medium-Value
1953,Medium-Value
1954,High-Value
1955,High-Value
1956,High-Value
1957,High-Value
1958,High-Value
1959,High-Value
1960,High-Value
1961,Medium-Value
1962,Medium-Value
1963,High-Value
1964,High-Value
1965,Medium-Value
1966,Medium-Value
1967,High-Value
1968,High-Value
1969,High-Value
1970,High-Value
1971,Medium-Value
1972,Medium-Value
1973,Medium-Value
1974,High-Value
1975,High-Value
1976,Medium-Value
1977,High-Value
1978,Medium-Value
1979,High-Value
1980,High-Value
1981,High-Value
1982,Medium-Value
1983,High-Value
1984,High-Value
1985,Medium-Value
1986,High-Value
1987,High-Value
1988,High-Value
1989,High-Value
1990,High-Value
1991,Medium-Value
1992,High-Value
1993,High-Value
1994,High-Value
1995,High-Value
1996,High-Value
1997,High-Value
1998,High-Value
1999,High-Value
2000,Low-Value
2001,Medium-Value
2002,High-Value
2003,High-Value
2004,Medium-Value
2005,Medium-Value
2006,Medium-Value
2007,High-Value
2008,High-Value
2009,Medium-Value
2010,Medium-Value
2011,High-Value
2012,Medium-Value
2013,High-Value
2014,Medium-Value
2015,High-Value
2016,High-Value
2017,High-Value
2018,High-Value
2019,Medium-Value
2020,High-Value
2021,Medium-Value
2022,High-Value
2023,High-Value
2024,High-Value
2025,High-Value
2026,Medium-Value
2027,High-Value
2028,High-Value
2029,Medium-Value
2030,Medium-Value
2031,Medium-Value
2032,Medium-Value
2033,High-Value
2034,High-Value
2035,Medium-Value
2036,High-Value
2037,Medium-Value
2038,High-Value
2039,High-Value
2040,Medium-Value
2041,High-Value
2042,High-Value
2043,High-Value
2044,Medium-Value
2045,High-Value
2046,Medium-Value
2047,High-Value
2048,Medium-Value
2049,Medium-Value
2050,High-Value
2051,High-Value
2052,High-Value
2053,High-Value
2054,Medium-Value
2055,High-Value
2056,High-Value
2057,High-Value
2058,Medium-Value
2059,Medium-Value
2060,High-Value
2061,High-Value
2062,Medium-Value
2063,High-Value
2064,Medium-Value
2065,Medium-Value
2066,High-Value
2067,Medium-Value
2068,Medium-Value
2069,Medium-Value
2070,High-Value
2071,High-Value
2072,Medium-Value
2073,Medium-Value
2074,Low-Value
2075,High-Value
2076,Low-Value
2077,High-Value
2078,High-Value
2079,Medium-Value
2080,Medium-Value
2081,Medium-Value
2082,High-Value
2083,High-Value
2084,High-Value
2085,Medium-Value
2086,High-Value
2087,High-Value
2088,High-Value
2089,Medium-Value
2090,High-Value
2091,High-Value
2092,High-Value
2093,Medium-Value
2094,High-Value
2095,Medium-Value
2096,High-Value
2097,Medium-Value
2098,High-Value
2099,Medium-Value
2100,Medium-Value
2101,High-Value
2102,High-Value
2103,Low-Value
2104,High-Value
2105,Medium-Value
2106,High-Value
2107,Medium-Value
2108,High-Value
2109,High-Value
2110,Medium-Value
2111,Medium-Value
2112,Medium-Value
2113,High-Value
2114,High-Value
2115,Medium-Value
2116,High-Value
2117,Medium-Value
2118,High-Value
2119,Medium-Value
2120,High-Value
2121,High-Value
2122,High-Value
2123,High-Value
2124,High-Value
2125,Medium-Value
2126,High-Value
2127,High-Value
2128,High-Value
2129,Medium-Value
2130,High-Value
2131,High-Value
2132,High-Value
2133,High-Value
2134,Medium-Value
2135,High-Value
2136,Low-Value
2137,Medium-Value
2138,High-Value
2139,High-Value
2140,Medium-Value
2141,Medium-Value
2142,Medium-Value
2143,Medium-Value
2144,High-Value
2145,Medium-Value
2146,High-Value
2147,Medium-Value
2148,High-Value
2149,High-Value
2150,High-Value
2151,High-Value
2152,High-Value
2153,Medium-Value
2154,Medium-Value
2155,Medium-Value
2156,Medium-Value
2157,High-Value
2158,Medium-Value
2159,Medium-Value
2160,High-Value
2161,High-Value
2162,High-Value
2163,High-Value
2164,Medium-Value
2165,High-Value
2166,High-Value
2167,High-Value
2168,High-Value
2169,Medium-Value
2170,High-Value
2171,High-Value
2172,High-Value
2173,High-Value
2174,Medium-Value
2175,Medium-Value
2176,High-Value
2177,High-Value
2178,Low-Value
2179,Medium-Value
2180,High-Value
2181,Medium-Value
2182,Medium-Value
2183,Medium-Value
2184,Medium-Value
2185,High-Value
2186,High-Value
2187,Medium-Value
2188,Medium-Value
2189,Medium-Value
2190,High-Value
2191,High-Value
2192,High-Value
2193,High-Value
2194,Medium-Value
2195,Medium-Value
2196,High-Value
2197,High-Value
2198,Medium-Value
2199,Medium-Value
2200,High-Value
2201,Medium-Value
2202,Medium-Value
2203,Medium-Value
2204,Medium-Value
2205,Medium-Value
2206,Medium-Value
2207,High-Value
2208,High-Value
2209,Medium-Value
2210,High-Value
2211,High-Value
2212,Medium-Value
2213,Medium-Value
2214,Medium-Value
2215,High-Value
2216,High-Value
2217,High-Value
2218,High-Value
2219,Medium-Value
2220,High-Value
2221,High-Value
2222,High-Value
2223,Medium-Value
2224,High-Value
2225,High-Value
2226,High-Value
2227,High-Value
2228,High-Value
2229,High-Value
2230,Medium-Value
2231,Medium-Value
2232,Medium-Value
2233,Medium-Value
2234,High-Value
2235,Medium-Value
2236,High-Value
2237,Medium-Value
2238,Medium-Value
2239,Low-Value
2240,High-Value
2241,High-Value
2242,High-Value
2243,High-Value
2244,Medium-Value
2245,High-Value
2246,High-Value
2247,Medium-Value
2248,High-Value
2249,High-Value
2250,Medium-Value
2251,High-Value
2252,High-Value
2253,High-Value
2254,High-Value
2255,Medium-Value
2256,High-Value
2257,Low-Value
2258,Low-Value
2259,Medium-Value
2260,High-Value
2261,High-Value
2262,Low-Value
2263,Medium-Value
2264,Medium-Value
2265,High-Value
2266,High-Value
2267,Medium-Value
2268,High-Value
2269,Medium-Value
2270,Medium-Value
2271,Medium-Value
2272,High-Value
2273,High-Value
2274,High-Value
2275,Medium-Value
2276,Medium-Value
2277,Medium-Value
2278,High-Value
2279,Medium-Value
2280,High-Value
2281,High-Value
2282,Medium-Value
2283,Medium-Value
2284,Medium-Value
2285,Medium-Value
2286,Medium-Value
2287,Medium-Value
2288,Medium-Value
2289,High-Value
2290,High-Value
2291,Medium-Value
2292,High-Value
2293,Medium-Value
2294,High-Value
2295,Medium-Value
2296,Medium-Value
2297,High-Value
2298,Medium-Value
2299,High-Value
2300,High-Value
2301,High-Value
2302,Medium-Value
2303,High-Value
2304,High-Value
2305,Low-Value
2306,High-Value
2307,High-Value
2308,High-Value
2309,High-Value
2310,High-Value
2311,High-Value
2312,High-Value
2313,High-Value
2314,High-Value
2315,Medium-Value
2316,Low-Value
2317,High-Value
2318,High-Value
2319,Medium-Value
2320,High-Value
2321,Medium-Value
2322,High-Value
2323,Medium-Value
2324,High-Value
2325,High-Value
2326,Low-Value
2327,Medium-Value
2328,High-Value
2329,Medium-Value
2330,High-Value
2331,Medium-Value
2332,Medium-Value
2333,Medium-Value
2334,High-Value
2335,Medium-Value
2336,High-Value
2337,Medium-Value
2338,High-Value
2339,High-Value
2340,High-Value
2341,High-Value
2342,High-Value
2343,High-Value
2344,Medium-Value
2345,High-Value
2346,Medium-Value
2347,Low-Value
2348,Medium-Value
2349,High-Value
2350,Medium-Value
2351,High-Value
2352,High-Value
2353,High-Value
2354,Medium-Value
2355,Low-Value
2356,Medium-Value
2357,Medium-Value
2358,High-Value
2359,Medium-Value
2360,Medium-Value
2361,High-Value
2362,Medium-Value
2363,High-Value
2364,Medium-Value
2365,Medium-Value
2366,High-Value
2367,High-Value
2368,High-Value
2369,High-Value
2370,High-Value
2371,High-Value
2372,High-Value
2373,High-Value
2374,Medium-Value
2375,Medium-Value
2376,Medium-Value
2377,High-Value
2378,High-Value
2379,High-Value
2380,Medium-Value
2381,High-Value
2382,Medium-Value
2383,Medium-Value
2384,Medium-Value
2385,High-Value
2386,High-Value
2387,Medium-Value
2388,Medium-Value
2389,High-Value
2390,High-Value
2391,High-Value
2392,Low-Value
2393,Medium-Value
2394,High-Value
2395,High-Value
2396,Medium-Value
2397,High-Value
2398,Medium-Value
2399,Medium-Value
2400,High-Value
2401,Medium-Value
2402,High-Value
2403,High-Value
2404,Medium-Value
2405,High-Value
2406,High-Value
2407,High-Value
2408,Medium-Value
2409,High-Value
2410,High-Value
2411,High-Value
2412,High-Value
2413,High-Value
2414,High-Value
2415,Medium-Value
2416,High-Value
2417,Medium-Value
2418,Medium-Value
2419,High-Value
2420,High-Value
2421,High-Value
2422,High-Value
2423,High-Value
2424,Medium-Value
2425,High-Value
2426,High-Value
2427,High-Value
2428,Medium-Value
2429,High-Value
2430,High-Value
2431,High-Value
2432,High-Value
2433,Low-Value
2434,High-Value
2435,Medium-Value
2436,High-Value
2437,Medium-Value
2438,Medium-Value
2439,Medium-Value
2440,High-Value
2441,Medium-Value
2442,Low-Value
2443,High-Value
2444,Medium-Value
2445,High-Value
2446,High-Value
2447,High-Value
2448,Medium-Value
2449,High-Value
2450,High-Value
2451,Medium-Value
2452,High-Value
2453,High-Value
2454,High-Value
2455,Medium-Value
2456,High-Value
2457,Medium-Value
2458,Medium-Value
2459,Medium-Value
2460,Medium-Value
2461,High-Value
2462,Medium-Value
2463,High-Value
2464,Medium-Value
2465,High-Value
2466,High-Value
2467,Medium-Value
2468,High-Value
2469,Medium-Value
2470,High-Value
2471,High-Value
2472,High-Value
2473,Medium-Value
2474,High-Value
2475,Medium-Value
2476,Medium-Value
2477,High-Value
2478,Medium-Value
2479,High-Value
2480,High-Value
2481,High-Value
2482,High-Value
2483,Medium-Value
2484,Medium-Value
2485,Medium-Value
2486,High-Value
2487,Low-Value
2488,High-Value
2489,Medium-Value
2490,Medium-Value
2491,High-Value
2492,High-Value
2493,High-Value
2494,Medium-Value
2495,Medium-Value
2496,High-Value
2497,Low-Value
2498,High-Value
2499,Medium-Value
2500,High-Value
2501,Medium-Value
2502,High-Value
2503,High-Value
2504,High-Value
2505,Low-Value
2506,Medium-Value
2507,High-Value
2508,High-Value
2509,High-Value
2510,Medium-Value
2511,Medium-Value
2512,High-Value
2513,High-Value
2514,High-Value
2515,Medium-Value
2516,High-Value
2517,High-Value
2518,High-Value
2519,Medium-Value
2520,Medium-Value
2521,Medium-Value
2522,High-Value
2523,Medium-Value
2524,Medium-Value
2525,High-Value
2526,Medium-Value
2527,High-Value
2528,High-Value
2529,High-Value
2530,Medium-Value
2531,Medium-Value
2532,High-Value
2533,High-Value
2534,High-Value
2535,High-Value
2536,High-Value
2537,High-Value
2538,High-Value
2539,High-Value
2540,Medium-Value
2541,Medium-Value
2542,High-Value
2543,High-Value
2544,High-Value
2545,High-Value
2546,High-Value
2547,High-Value
2548,High-Value
2549,High-Value
2550,High-Value
2551,High-Value
2552,High-Value
2553,High-Value
2554,High-Value
2555,Medium-Value
2556,High-Value
2557,High-Value
2558,Low-Value
2559,High-Value
2560,High-Value
2561,High-Value
2562,High-Value
2563,High-Value
2564,High-Value
2565,High-Value
2566,High-Value
2567,High-Value
2568,Medium-Value
2569,Medium-Value
2570,High-Value
2571,High-Value
2572,Medium-Value
2573,High-Value
2574,Medium-Value
2575,Medium-Value
2576,High-Value
2577,Medium-Value
2578,Medium-Value
2579,Medium-Value
2580,Medium-Value
2581,High-Value
2582,High-Value
2583,High-Value
2584,Medium-Value
2585,High-Value
2586,High-Value
2587,High-Value
2588,High-Value
2589,Low-Value
2590,High-Value
2591,High-Value
2592,Medium-Value
2593,High-Value
2594,Medium-Value
2595,Medium-Value
2596,Medium-Value
2597,High-Value
2598,Medium-Value
2599,Medium-Value
2600,High-Value
2601,High-Value
2602,Medium-Value
2603,Medium-Value
2604,Medium-Value
2605,Medium-Value
2606,Medium-Value
2607,High-Value
2608,Medium-Value
2609,Medium-Value
2610,Medium-Value
2611,High-Value
2612,Low-Value
2613,Medium-Value
2614,Medium-Value
2615,High-Value
2616,Medium-Value
2617,High-Value
2618,High-Value
2619,Medium-Value
2620,High-Value
2621,Medium-Value
2622,High-Value
2623,Medium-Value
2624,Medium-Value
2625,High-Value
2626,Medium-Value
2627,Medium-Value
2628,Medium-Value
2629,Medium-Value
2630,Medium-Value
2631,Medium-Value
2632,High-Value
2633,High-Value
2634,Medium-Value
2635,Medium-Value
2636,Medium-Value
2637,High-Value
2638,Low-Value
2639,Medium-Value
2640,Medium-Value
2641,Medium-Value
2642,High-Value
2643,High-Value
2644,Medium-Value
2645,High-Value
2646,High-Value
2647,High-Value
2648,High-Value
2649,High-Value
2650,Medium-Value
2651,Medium-Value
2652,Medium-Value
2653,High-Value
2654,Medium-Value
2655,High-Value
2656,Medium-Value
2657,High-Value
2658,Medium-Value
2659,High-Value
2660,Medium-Value
2661,Medium-Value
2662,High-Value
2663,High-Value
2664,High-Value
2665,High-Value
2666,High-Value
2667,High-Value
2668,High-Value
2669,Medium-Value
2670,High-Value
2671,Medium-Value
2672,High-Value
2673,Low-Value
2674,High-Value
2675,Medium-Value
2676,High-Value
2677,High-Value
2678,High-Value
2679,High-Value
2680,High-Value
2681,Medium-Value
2682,High-Value
2683,Medium-Value
2684,High-Value
2685,Medium-Value
2686,High-Value
2687,High-Value
2688,High-Value
2689,High-Value
2690,High-Value
2691,High-Value
2692,Medium-Value
2693,Medium-Value
2694,High-Value
2695,High-Value
2696,High-Value
2697,High-Value
2698,Medium-Value
2699,Medium-Value
2700,Medium-Value
2701,High-Value
2702,High-Value
2703,Medium-Value
2704,High-Value
2705,High-Value
2706,Medium-Value
2707,High-Value
2708,High-Value
2709,Medium-Value
2710,High-Value
2711,High-Value
2712,High-Value
2713,High-Value
2714,High-Value
2715,Medium-Value
2716,High-Value
2717,Medium-Value
2718,Medium-Value
2719,High-Value
2720,High-Value
2721,Medium-Value
2722,High-Value
2723,High-Value
2724,High-Value
2725,High-Value
2726,Medium-Value
2727,Medium-Value
2728,High-Value
2729,High-Value
2730,Medium-Value
2731,High-Value
2732,Medium-Value
2733,High-Value
2734,Low-Value
2735,High-Value
2736,Medium-Value
2737,High-Value
2738,High-Value
2739,Medium-Value
2740,High-Value
2741,High-Value
2742,Medium-Value
2743,High-Value
2744,Low-Value
2745,High-Value
2746,Medium-Value
2747,Medium-Value
2748,High-Value
2749,High-Value
2750,High-Value
2751,High-Value
2752,High-Value
2753,Medium-Value
2754,Medium-Value
2755,Medium-Value
2756,High-Value
2757,High-Value
2758,High-Value
2759,High-Value
2760,Medium-Value
2761,Medium-Value
2762,Medium-Value
2763,High-Value
2764,High-Value
2765,Medium-Value
2766,Medium-Value
2767,High-Value
2768,High-Value
2769,High-Value
2770,Medium-Value
2771,Medium-Value
2772,Medium-Value
2773,High-Value
2774,High-Value
2775,High-Value
2776,High-Value
2777,High-Value
2778,High-Value
2779,High-Value
2780,High-Value
2781,High-Value
2782,High-Value
2783,High-Value
2784,High-Value
2785,High-Value
2786,Medium-Value
2787,High-Value
2788,High-Value
2789,Medium-Value
2790,Low-Value
2791,Medium-Value
2792,High-Value
2793,High-Value
2794,High-Value
2795,High-Value
2796,High-Value
2797,Medium-Value
2798,High-Value
2799,High-Value
2800,Low-Value
2801,High-Value
2802,High-Value
2803,High-Value
2804,High-Value
2805,High-Value
2806,Low-Value
2807,High-Value
2808,High-Value
2809,High-Value
2810,High-Value
2811,Medium-Value
2812,Medium-Value
2813,Medium-Value
2814,High-Value
2815,Medium-Value
2816,High-Value
2817,Medium-Value
2818,High-Value
2819,High-Value
2820,High-Value
2821,High-Value
2822,High-Value
2823,Medium-Value
2824,Medium-Value
2825,High-Value
2826,Medium-Value
2827,Medium-Value
2828,High-Value
2829,High-Value
2830,Medium-Value
2831,High-Value
2832,Medium-Value
2833,High-Value
2834,High-Value
2835,Medium-Value
2836,High-Value
2837,High-Value
2838,High-Value
2839,High-Value
2840,High-Value
2841,Medium-Value
2842,High-Value
2843,Medium-Value
2844,High-Value
2845,Medium-Value
2846,High-Value
2847,High-Value
2848,High-Value
2849,High-Value
2850,High-Value
2851,Medium-Value
2852,Medium-Value
2853,High-Value
2854,High-Value
2855,High-Value
2856,High-Value
2857,High-Value
2858,Medium-Value
2859,Medium-Value
2860,High-Value
2861,High-Value
2862,High-Value
2863,Medium-Value
2864,High-Value
2865,High-Value
2866,Medium-Value
2867,Medium-Value
2868,High-Value
2869,Medium-Value
2870,High-Value
2871,High-Value
2872,High-Value
2873,Low-Value
2874,High-Value
2875,High-Value
2876,High-Value
2877,High-Value
2878,High-Value
2879,High-Value
2880,High-Value
2881,High-Value
2882,Medium-Value
2883,Medium-Value
2884,High-Value
2885,High-Value
2886,High-Value
2887,High-Value
2888,High-Value
2889,Medium-Value
2890,High-Value
2891,High-Value
2892,Medium-Value
2893,Medium-Value
2894,High-Value
2895,High-Value
2896,Medium-Value
2897,High-Value
2898,Medium-Value
2899,High-Value
2900,Medium-Value
2901,High-Value
2902,High-Value
2903,High-Value
2904,High-Value
2905,Medium-Value
2906,Medium-Value
2907,High-Value
2908,High-Value
2909,Medium-Value
2910,Medium-Value
2911,High-Value
2912,Medium-Value
2913,Medium-Value
2914,Medium-Value
2915,Medium-Value
2916,High-Value
2917,High-Value
2918,High-Value
2919,Medium-Value
2920,High-Value
2921,High-Value
2922,Medium-Value
2923,Medium-Value
2924,Medium-Value
2925,High-Value
2926,High-Value
2927,Medium-Value
2928,Medium-Value
2929,Medium-Value
2930,High-Value
2931,High-Value
2932,High-Value
2933,Low-Value
2934,High-Value
2935,Medium-Value
2936,Medium-Value
2937,High-Value
2938,Medium-Value
2939,Medium-Value
2940,High-Value
2941,High-Value
2942,High-Value
2943,High-Value
2944,High-Value
2945,High-Value
2946,Medium-Value
2947,High-Value
2948,High-Value
2949,Medium-Value
2950,High-Value
2951,Medium-Value
2952,High-Value
2953,High-Value
2954,Medium-Value
2955,Medium-Value
2956,High-Value
2957,High-Value
2958,Medium-Value
2959,High-Value
2960,High-Value
2961,High-Value
2962,High-Value
2963,High-Value
2964,Medium-Value
2965,Low-Value
2966,High-Value
2967,Medium-Value
2968,High-Value
2969,High-Value
2970,High-Value
2971,High-Value
2972,Medium-Value
2973,Medium-Value
2974,High-Value
2975,Medium-Value
2976,Medium-Value
2977,Medium-Value
2978,Medium-Value
2979,Medium-Value
2980,High-Value
2981,High-Value
2982,Medium-Value
2983,Medium-Value
2984,Medium-Value
2985,Medium-Value
2986,Medium-Value
2987,High-Value
2988,High-Value
2989,High-Value
2990,High-Value
2991,Medium-Value
2992,Medium-Value
2993,Medium-Value
2994,High-Value
2995,Medium-Value
2996,Medium-Value
2997,Medium-Value
2998,High-Value
2999,Medium-Value
3000,Medium-Value
3001,High-Value
3002,High-Value
3003,High-Value
3004,Medium-Value
3005,High-Value
3006,High-Value
3007,Medium-Value
3008,High-Value
3009,Medium-Value
3010,Medium-Value
3011,High-Value
3012,Medium-Value
3013,Medium-Value
3014,Low-Value
3015,High-Value
3016,High-Value
3017,Medium-Value
3018,High-Value
3019,High-Value
3020,Medium-Value
3021,Medium-Value
3022,High-Value
3023,High-Value
3024,High-Value
3025,Low-Value
3026,High-Value
3027,High-Value
3028,Medium-Value
3029,Medium-Value
3030,High-Value
3031,High-Value
3032,High-Value
3033,Medium-Value
3034,Medium-Value
3035,High-Value
3036,Medium-Value
3037,Medium-Value
3038,Medium-Value
3039,Medium-Value
3040,Medium-Value
3041,High-Value
3042,High-Value
3043,High-Value
3044,High-Value
3045,High-Value
3046,High-Value
3047,Medium-Value
3048,Medium-Value
3049,Medium-Value
3050,High-Value
3051,Medium-Value
3052,High-Value
3053,Low-Value
3054,Medium-Value
3055,Medium-Value
3056,High-Value
3057,High-Value
3058,High-Value
3059,Medium-Value
3060,Medium-Value
3061,Medium-Value
3062,Medium-Value
3063,High-Value
3064,High-Value
3065,High-Value
3066,Medium-Value
3067,Medium-Value
3068,Medium-Value
3069,Medium-Value
3070,High-Value
3071,High-Value
3072,High-Value
3073,High-Value
3074,High-Value
3075,High-Value
3076,Medium-Value
3077,Medium-Value
3078,High-Value
3079,High-Value
3080,High-Value
3081,High-Value
3082,Medium-Value
3083,High-Value
3084,High-Value
3085,Medium-Value
3086,High-Value
3087,Medium-Value
3088,High-Value
3089,High-Value
3090,High-Value
3091,High-Value
3092,Medium-Value
3093,High-Value
3094,High-Value
3095,Medium-Value
3096,High-Value
3097,High-Value
3098,High-Value
3099,High-Value
3100,Medium-Value
3101,Medium-Value
3102,Medium-Value
3103,Medium-Value
3104,High-Value
3105,Medium-Value
3106,Medium-Value
3107,Medium-Value
3108,Medium-Value
3109,High-Value
3110,Medium-Value
3111,Medium-Value
3112,Medium-Value
3113,Medium-Value
3114,Low-Value
3115,Medium-Value
3116,High-Value
3117,Medium-Value
3118,High-Value
3119,Medium-Value
3120,High-Value
3121,High-Value
3122,Low-Value
3123,Medium-Value
3124,High-Value
3125,High-Value
3126,High-Value
3127,High-Value
3128,Medium-Value
3129,High-Value
3130,Medium-Value
3131,Medium-Value
3132,High-Value
3133,Medium-Value
3134,High-Value
3135,Medium-Value
3136,High-Value
3137,Medium-Value
3138,High-Value
3139,Medium-Value
3140,High-Value
3141,Medium-Value
3142,High-Value
3143,High-Value
3144,High-Value
3145,Medium-Value
3146,High-Value
3147,Medium-Value
3148,High-Value
3149,Medium-Value
3150,Medium-Value
3151,High-Value
3152,High-Value
3153,High-Value
3154,High-Value
3155,High-Value
3156,High-Value
3157,High-Value
3158,Medium-Value
3159,Low-Value
3160,High-Value
3161,Medium-Value
3162,Medium-Value
3163,High-Value
3164,Medium-Value
3165,High-Value
3166,High-Value
3167,High-Value
3168,High-Value
3169,Medium-Value
3170,High-Value
3171,High-Value
3172,Medium-Value
3173,Medium-Value
3174,High-Value
3175,High-Value
3176,High-Value
3177,Medium-Value
3178,High-Value
3179,High-Value
3180,Medium-Value
3181,Medium-Value
3182,High-Value
3183,Medium-Value
3184,High-Value
3185,Medium-Value
3186,High-Value
3187,High-Value
3188,High-Value
3189,High-Value
3190,High-Value
3191,High-Value
3192,High-Value
3193,High-Value
3194,High-Value
3195,High-Value
3196,High-Value
3197,High-Value
3198,Medium-Value
3199,High-Value
3200,High-Value
3201,High-Value
3202,High-Value
3203,Medium-Value
3204,Medium-Value
3205,High-Value
3206,High-Value
3207,High-Value
3208,High-Value
3209,Medium-Value
3210,High-Value
3211,High-Value
3212,High-Value
3213,High-Value
3214,High-Value
3215,High-Value
3216,Medium-Value
3217,Low-Value
3218,Medium-Value
3219,Medium-Value
3220,High-Value
3221,High-Value
3222,High-Value
3223,High-Value
3224,High-Value
3225,High-Value
3226,High-Value
3227,High-Value
3228,Medium-Value
3229,Medium-Value
3230,High-Value
3231,High-Value
3232,Medium-Value
3233,Medium-Value
3234,Medium-Value
3235,High-Value
3236,Medium-Value
3237,High-Value
3238,High-Value
3239,High-Value
3240,Low-Value
3241,High-Value
3242,High-Value
3243,Medium-Value
3244,Medium-Value
3245,High-Value
3246,High-Value
3247,Medium-Value
3248,High-Value
3249,High-Value
3250,Medium-Value
3251,Medium-Value
3252,Medium-Value
3253,High-Value
3254,Medium-Value
3255,Medium-Value
3256,High-Value
3257,Medium-Value
3258,High-Value
3259,Low-Value
3260,High-Value
3261,High-Value
3262,Medium-Value
3263,Medium-Value
3264,High-Value
3265,Medium-Value
3266,Medium-Value
3267,High-Value
3268,High-Value
3269,Medium-Value
3270,High-Value
3271,Medium-Value
3272,High-Value
3273,High-Value
3274,Medium-Value
3275,High-Value
3276,Medium-Value
3277,High-Value
3278,Medium-Value
3279,High-Value
3280,High-Value
3281,Medium-Value
3282,High-Value
3283,High-Value
3284,Medium-Value
3285,Medium-Value
3286,Medium-Value
3287,High-Value
3288,Medium-Value
3289,Medium-Value
3290,Medium-Value
3291,Medium-Value
3292,Medium-Value
3293,High-Value
3294,Medium-Value
3295,Medium-Value
3296,Medium-Value
3297,High-Value
3298,High-Value
3299,High-Value
3300,High-Value
3301,High-Value
3302,High-Value
3303,Medium-Value
3304,Medium-Value
3305,Medium-Value
3306,Medium-Value
3307,Medium-Value
3308,Medium-Value
3309,Medium-Value
3310,Medium-Value
3311,Low-Value
3312,Medium-Value
3313,High-Value
3314,Medium-Value
3315,High-Value
3316,Medium-Value
3317,High-Value
3318,High-Value
3319,High-Value
3320,High-Value
3321,High-Value
3322,High-Value
3323,Low-Value
3324,High-Value
3325,Medium-Value
3326,High-Value
3327,Medium-Value
3328,Medium-Value
3329,Medium-Value
3330,Medium-Value
3331,High-Value
3332,High-Value
3333,High-Value
3334,Medium-Value
3335,Medium-Value
3336,Medium-Value
3337,High-Value
3338,High-Value
3339,High-Value
3340,High-Value
3341,Medium-Value
3342,High-Value
3343,High-Value
3344,High-Value
3345,High-Value
3346,Medium-Value
3347,High-Value
3348,High-Value
3349,Medium-Value
3350,Medium-Value
3351,High-Value
3352,High-Value
3353,Medium-Value
3354,High-Value
3355,High-Value
3356,Medium-Value
3357,High-Value
3358,High-Value
3359,Medium-Value
3360,High-Value
3361,High-Value
3362,High-Value
3363,Medium-Value
3364,High-Value
3365,Medium-Value
3366,High-Value
3367,High-Value
3368,Medium-Value
3369,High-Value
3370,High-Value
3371,High-Value
3372,High-Value
3373,High-Value
3374,Medium-Value
3375,Medium-Value
3376,High-Value
3377,High-Value
3378,High-Value
3379,Medium-Value
3380,Low-Value
3381,High-Value
3382,High-Value
3383,Medium-Value
3384,Medium-Value
3385,Medium-Value
3386,High-Value
3387,Medium-Value
3388,Medium-Value
3389,Medium-Value
3390,High-Value
3391,Medium-Value
3392,Medium-Value
3393,High-Value
3394,Medium-Value
3395,Medium-Value
3396,Medium-Value
3397,High-Value
3398,High-Value
3399,Medium-Value
3400,High-Value
3401,High-Value
3402,High-Value
3403,High-Value
3404,High-Value
3405,Medium-Value
3406,High-Value
3407,Medium-Value
3408,High-Value
3409,High-Value
3410,High-Value
3411,Medium-Value
3412,Medium-Value
3413,High-Value
3414,High-Value
3415,High-Value
3416,High-Value
3417,High-Value
3418,Medium-Value
3419,Medium-Value
3420,High-Value
3421,High-Value
3422,High-Value
3423,High-Value
3424,High-Value
3425,Low-Value
3426,Low-Value
3427,Medium-Value
3428,Medium-Value
3429,High-Value
3430,High-Value
3431,Medium-Value
3432,Medium-Value
3433,High-Value
3434,High-Value
3435,Medium-Value
3436,High-Value
3437,Medium-Value
3438,Medium-Value
3439,High-Value
3440,High-Value
3441,High-Value
3442,High-Value
3443,Medium-Value
3444,High-Value
3445,High-Value
3446,High-Value
3447,High-Value
3448,High-Value
3449,Medium-Value
3450,Medium-Value
3451,Medium-Value
3452,High-Value
3453,High-Value
3454,High-Value
3455,Medium-Value
3456,High-Value
3457,High-Value
3458,High-Value
3459,High-Value
3460,High-Value
3461,High-Value
3462,Medium-Value
3463,High-Value
3464,High-Value
3465,High-Value
3466,High-Value
3467,Medium-Value
3468,Medium-Value
3469,Medium-Value
3470,Medium-Value
3471,High-Value
3472,High-Value
3473,High-Value
3474,High-Value
3475,High-Value
3476,High-Value
3477,High-Value
3478,High-Value
3479,High-Value
3480,Medium-Value
3481,High-Value
3482,High-Value
3483,High-Value
3484,High-Value
3485,High-Value
3486,Low-Value
3487,High-Value
3488,High-Value
3489,High-Value
3490,Medium-Value
3491,Medium-Value
3492,High-Value
3493,High-Value
3494,Medium-Value
3495,Medium-Value
3496,High-Value
3497,Medium-Value
3498,Medium-Value
3499,Medium-Value
3500,Medium-Value
3501,Medium-Value
3502,High-Value
3503,Medium-Value
3504,High-Value
3505,High-Value
3506,Medium-Value
3507,High-Value
3508,Medium-Value
3509,High-Value
3510,Medium-Value
3511,High-Value
3512,High-Value
3513,High-Value
3514,High-Value
3515,Medium-Value
3516,High-Value
3517,Medium-Value
3518,Medium-Value
3519,Medium-Value
3520,Medium-Value
3521,High-Value
3522,High-Value
3523,High-Value
3524,High-Value
3525,Medium-Value
3526,High-Value
3527,Medium-Value
3528,Medium-Value
3529,High-Value
3530,Medium-Value
3531,Medium-Value
3532,High-Value
3533,Low-Value
3534,High-Value
3535,Medium-Value
3536,High-Value
3537,High-Value
3538,Medium-Value
3539,High-Value
3540,Medium-Value
3541,Medium-Value
3542,High-Value
3543,Medium-Value
3544,Medium-Value
3545,High-Value
3546,High-Value
3547,Medium-Value
3548,High-Value
3549,High-Value
3550,Medium-Value
3551,High-Value
3552,High-Value
3553,Medium-Value
3554,Medium-Value
3555,High-Value
3556,Medium-Value
3557,High-Value
3558,High-Value
3559,Medium-Value
3560,High-Value
3561,Medium-Value
3562,High-Value
3563,Medium-Value
3564,Medium-Value
3565,Medium-Value
3566,Medium-Value
3567,High-Value
3568,High-Value
3569,Medium-Value
3570,High-Value
3571,High-Value
3572,Medium-Value
3573,Medium-Value
3574,Medium-Value
3575,High-Value
3576,High-Value
3577,Medium-Value
3578,High-Value
3579,Medium-Value
3580,High-Value
3581,High-Value
3582,High-Value
3583,Medium-Value
3584,Medium-Value
3585,Medium-Value
3586,Medium-Value
3587,Medium-Value
3588,Medium-Value
3589,Medium-Value
3590,Medium-Value
3591,Medium-Value
3592,Medium-Value
3593,High-Value
3594,High-Value
3595,Low-Value
3596,High-Value
3597,Medium-Value
3598,Medium-Value
3599,High-Value
3600,High-Value
3601,Medium-Value
3602,High-Value
3603,Medium-Value
3604,Medium-Value
3605,High-Value
3606,High-Value
3607,Medium-Value
3608,High-Value
3609,High-Value
3610,High-Value
3611,High-Value
3612,High-Value
3613,High-Value
3614,High-Value
3615,Medium-Value
3616,Medium-Value
3617,High-Value
3618,Medium-Value
3619,High-Value
3620,Medium-Value
3621,High-Value
3622,Low-Value
3623,High-Value
3624,High-Value
3625,High-Value
3626,High-Value
3627,High-Value
3628,High-Value
3629,High-Value
3630,High-Value
3631,High-Value
3632,High-Value
3633,Low-Value
3634,High-Value
3635,Medium-Value
3636,Medium-Value
3637,Medium-Value
3638,Medium-Value
3639,High-Value
3640,High-Value
3641,Medium-Value
3642,High-Value
3643,High-Value
3644,Medium-Value
3645,Medium-Value
3646,High-Value
3647,High-Value
3648,Medium-Value
3649,High-Value
3650,Medium-Value
3651,High-Value
3652,High-Value
3653,High-Value
3654,High-Value
3655,Medium-Value
3656,Medium-Value
3657,Medium-Value
3658,Medium-Value
3659,High-Value
3660,Medium-Value
3661,Medium-Value
3662,High-Value
3663,High-Value
3664,Medium-Value
3665,High-Value
3666,Medium-Value
3667,Medium-Value
3668,High-Value
3669,High-Value
3670,Medium-Value
3671,Medium-Value
3672,Medium-Value
3673,High-Value
3674,Medium-Value
3675,High-Value
3676,Low-Value
3677,Medium-Value
3678,Medium-Value
3679,Medium-Value
3680,High-Value
3681,High-Value
3682,High-Value
3683,High-Value
3684,High-Value
3685,Medium-Value
3686,Medium-Value
3687,High-Value
3688,High-Value
3689,High-Value
3690,High-Value
3691,High-Value
3692,Medium-Value
3693,High-Value
3694,High-Value
3695,High-Value
3696,Low-Value
3697,High-Value
3698,High-Value
3699,High-Value
3700,High-Value
3701,High-Value
3702,High-Value
3703,High-Value
3704,Medium-Value
3705,High-Value
3706,High-Value
3707,High-Value
3708,High-Value
3709,High-Value
3710,High-Value
3711,Medium-Value
3712,High-Value
3713,High-Value
3714,Medium-Value
3715,Medium-Value
3716,Medium-Value
3717,Medium-Value
3718,High-Value
3719,Medium-Value
3720,Medium-Value
3721,Medium-Value
3722,High-Value
3723,High-Value
3724,High-Value
3725,Medium-Value
3726,High-Value
3727,High-Value
3728,High-Value
3729,High-Value
3730,Medium-Value
3731,High-Value
3732,Medium-Value
3733,Medium-Value
3734,High-Value
3735,Medium-Value
3736,High-Value
3737,High-Value
3738,High-Value
3739,High-Value
3740,High-Value
3741,Medium-Value
3742,High-Value
3743,Medium-Value
3744,High-Value
3745,High-Value
3746,High-Value
3747,Medium-Value
3748,High-Value
3749,High-Value
3750,Medium-Value
3751,Medium-Value
3752,Medium-Value
3753,High-Value
3754,High-Value
3755,Medium-Value
3756,Medium-Value
3757,Medium-Value
3758,Medium-Value
3759,High-Value
3760,High-Value
3761,Medium-Value
3762,High-Value
3763,High-Value
3764,High-Value
3765,High-Value
3766,Medium-Value
3767,High-Value
3768,Medium-Value
3769,High-Value
3770,Medium-Value
3771,High-Value
3772,High-Value
3773,High-Value
3774,Medium-Value
3775,High-Value
3776,High-Value
3777,Medium-Value
3778,High-Value
3779,High-Value
3780,High-Value
3781,High-Value
3782,High-Value
3783,Medium-Value
3784,Medium-Value
3785,High-Value
3786,High-Value
3787,High-Value
3788,High-Value
3789,Medium-Value
3790,Medium-Value
3791,Medium-Value
3792,Low-Value
3793,High-Value
3794,Low-Value
3795,High-Value
3796,Medium-Value
3797,High-Value
3798,Medium-Value
3799,Medium-Value
3800,Medium-Value
3801,Medium-Value
3802,High-Value
3803,High-Value
3804,High-Value
3805,Medium-Value
3806,Medium-Value
3807,High-Value
3808,High-Value
3809,Medium-Value
3810,High-Value
3811,Medium-Value
3812,High-Value
3813,High-Value
3814,Medium-Value
3815,High-Value
3816,Medium-Value
3817,Medium-Value
3818,Medium-Value
3819,High-Value
3820,Medium-Value
3821,Medium-Value
3822,Medium-Value
3823,High-Value
3824,Medium-Value
3825,High-Value
3826,High-Value
3827,High-Value
3828,High-Value
3829,High-Value
3830,High-Value
3831,High-Value
3832,High-Value
3833,Medium-Value
3834,High-Value
3835,High-Value
3836,Medium-Value
3837,Medium-Value
3838,High-Value
3839,Medium-Value
3840,Medium-Value
3841,Medium-Value
3842,High-Value
3843,High-Value
3844,High-Value
3845,High-Value
3846,Medium-Value
3847,Medium-Value
3848,High-Value
3849,High-Value
3850,Medium-Value
3851,Low-Value
3852,High-Value
3853,High-Value
3854,High-Value
3855,High-Value
3856,Low-Value
3857,High-Value
3858,High-Value
3859,High-Value
3860,High-Value
3861,High-Value
3862,Medium-Value
3863,High-Value
3864,Medium-Value
3865,High-Value
3866,High-Value
3867,Medium-Value
3868,High-Value
3869,High-Value
3870,Medium-Value
3871,High-Value
3872,High-Value
3873,Medium-Value
3874,High-Value
3875,High-Value
3876,High-Value
3877,Medium-Value
3878,High-Value
3879,High-Value
3880,High-Value
3881,High-Value
3882,Medium-Value
3883,High-Value
3884,High-Value
3885,High-Value
3886,High-Value
3887,Medium-Value
3888,High-Value
3889,Medium-Value
3890,High-Value
3891,High-Value
3892,High-Value
3893,High-Value
3894,High-Value
3895,High-Value
3896,High-Value
3897,Medium-Value
3898,High-Value
3899,Medium-Value
3900,High-Value
3901,Medium-Value
3902,High-Value
3903,High-Value
3904,High-Value
3905,Medium-Value
3906,High-Value
3907,Medium-Value
3908,Medium-Value
3909,High-Value
3910,High-Value
3911,Medium-Value
3912,Medium-Value
3913,High-Value
3914,Medium-Value
3915,High-Value
3916,High-Value
3917,High-Value
3918,High-Value
3919,High-Value
3920,Medium-Value
3921,Medium-Value
3922,Medium-Value
3923,Medium-Value
3924,High-Value
3925,Medium-Value
3926,Medium-Value
3927,High-Value
3928,Medium-Value
3929,High-Value
3930,High-Value
3931,High-Value
3932,High-Value
3933,High-Value
3934,High-Value
3935,High-Value
3936,High-Value
3937,High-Value
3938,High-Value
3939,Medium-Value
3940,High-Value
3941,High-Value
3942,High-Value
3943,Medium-Value
3944,Medium-Value
3945,High-Value
3946,High-Value
3947,Medium-Value
3948,High-Value
3949,Medium-Value
3950,Low-Value
3951,High-Value
3952,High-Value
3953,Low-Value
3954,High-Value
3955,High-Value
3956,High-Value
3957,High-Value
3958,Medium-Value
3959,High-Value
3960,Low-Value
3961,High-Value
3962,Medium-Value
3963,Medium-Value
3964,High-Value
3965,High-Value
3966,High-Value
3967,Medium-Value
3968,Medium-Value
3969,High-Value
3970,Low-Value
3971,High-Value
3972,High-Value
3973,Medium-Value
3974,Medium-Value
3975,Medium-Value
3976,Medium-Value
3977,High-Value
3978,High-Value
3979,Medium-Value
3980,High-Value
3981,Medium-Value
3982,Medium-Value
3983,Medium-Value
3984,High-Value
3985,High-Value
3986,High-Value
3987,High-Value
3988,High-Value
3989,High-Value
3990,High-Value
3991,High-Value
3992,High-Value
3993,High-Value
3994,High-Value
3995,Low-Value
3996,Medium-Value
3997,High-Value
3998,Medium-Value
3999,High-Value
4000,High-Value
4001,High-Value
4002,Medium-Value
4003,Low-Value
4004,Medium-Value
4005,Medium-Value
4006,Medium-Value
4007,High-Value
4008,High-Value
4009,Medium-Value
4010,High-Value
4011,Medium-Value
4012,Low-Value
4013,High-Value
4014,High-Value
4015,High-Value
4016,High-Value
4017,Medium-Value
4018,Medium-Value
4019,Medium-Value
4020,High-Value
4021,High-Value
4022,High-Value
4023,Medium-Value
4024,Medium-Value
4025,High-Value
4026,Medium-Value
4027,High-Value
4028,High-Value
4029,High-Value
4030,Medium-Value
4031,High-Value
4032,Medium-Value
4033,High-Value
4034,Medium-Value
4035,High-Value
4036,High-Value
4037,Medium-Value
4038,Medium-Value
4039,Medium-Value
4040,Medium-Value
4041,Medium-Value
4042,High-Value
4043,High-Value
4044,Medium-Value
4045,High-Value
4046,Medium-Value
4047,High-Value
4048,Medium-Value
4049,High-Value
4050,Medium-Value
4051,Medium-Value
4052,Medium-Value
4053,High-Value
4054,Low-Value
4055,Medium-Value
4056,High-Value
4057,Medium-Value
4058,Medium-Value
4059,Medium-Value
4060,Medium-Value
4061,Medium-Value
4062,High-Value
4063,Low-Value
4064,Medium-Value
4065,Medium-Value
4066,Medium-Value
4067,Medium-Value
4068,Medium-Value
4069,Medium-Value
4070,High-Value
4071,High-Value
4072,High-Value
4073,Medium-Value
4074,High-Value
4075,Medium-Value
4076,Medium-Value
4077,Medium-Value
4078,High-Value
4079,High-Value
4080,Medium-Value
4081,High-Value
4082,High-Value
4083,Medium-Value
4084,Medium-Value
4085,High-Value
4086,Low-Value
4087,High-Value
4088,Medium-Value
4089,Low-Value
4090,Medium-Value
4091,Medium-Value
4092,Medium-Value
4093,High-Value
4094,Medium-Value
4095,High-Value
4096,High-Value
4097,High-Value
4098,Low-Value
4099,Medium-Value
4100,High-Value
4101,Low-Value
4102,High-Value
4103,Medium-Value
4104,Medium-Value
4105,High-Value
4106,High-Value
4107,Medium-Value
4108,Medium-Value
4109,Medium-Value
4110,High-Value
4111,Medium-Value
4112,Medium-Value
4113,High-Value
4114,High-Value
4115,Medium-Value
4116,Medium-Value
4117,Medium-Value
4118,High-Value
4119,High-Value
4120,Medium-Value
4121,High-Value
4122,Low-Value
4123,Medium-Value
4124,Medium-Value
4125,High-Value
4126,Low-Value
4127,High-Value
4128,Low-Value
4129,High-Value
4130,Medium-Value
4131,Medium-Value
4132,Medium-Value
4133,Medium-Value
4134,Medium-Value
4135,High-Value
4136,Medium-Value
4137,Medium-Value
4138,Medium-Value
4139,Medium-Value
4140,Medium-Value
4141,Medium-Value
4142,High-Value
4143,High-Value
4144,Medium-Value
4145,Low-Value
4146,High-Value
4147,Medium-Value
4148,Medium-Value
4149,Medium-Value
4150,Low-Value
4151,Low-Value
4152,Medium-Value
4153,High-Value
4154,Medium-Value
4155,Low-Value
4156,Medium-Value
4157,High-Value
4158,Medium-Value
4159,High-Value
4160,High-Value
4161,Medium-Value
4162,Medium-Value
4163,Low-Value
4164,Medium-Value
4165,High-Value
4166,Medium-Value
4167,Medium-Value
4168,Medium-Value
4169,High-Value
4170,High-Value
4171,High-Value
4172,High-Value
4173,Medium-Value
4174,Medium-Value
4175,Medium-Value
4176,High-Value
4177,Medium-Value
4178,Medium-Value
4179,High-Value
4180,Medium-Value
4181,High-Value
4182,High-Value
4183,Medium-Value
4184,High-Value
4185,High-Value
4186,Medium-Value
4187,High-Value
4188,Low-Value
4189,High-Value
4190,Medium-Value
4191,High-Value
4192,Medium-Value
4193,High-Value
4194,High-Value
4195,High-Value
4196,High-Value
4197,High-Value
4198,High-Value
4199,Medium-Value
4200,Medium-Value
4201,High-Value
4202,High-Value
4203,Medium-Value
4204,Medium-Value
4205,Medium-Value
4206,High-Value
4207,Medium-Value
4208,Medium-Value
4209,Low-Value
4210,Medium-Value
4211,High-Value
4212,Medium-Value
4213,High-Value
4214,Medium-Value
4215,Medium-Value
4216,High-Value
4217,High-Value
4218,High-Value
4219,High-Value
4220,Medium-Value
4221,Medium-Value
4222,Medium-Value
4223,High-Value
4224,High-Value
4225,High-Value
4226,High-Value
4227,Medium-Value
4228,High-Value
4229,High-Value
4230,High-Value
4231,High-Value
4232,High-Value
4233,Medium-Value
4234,Medium-Value
4235,High-Value
4236,High-Value
4237,High-Value
4238,Medium-Value
4239,Medium-Value
4240,High-Value
4241,Medium-Value
4242,High-Value
4243,High-Value
4244,High-Value
4245,Medium-Value
4246,Medium-Value
4247,High-Value
4248,High-Value
4249,Medium-Value
4250,High-Value
4251,High-Value
4252,High-Value
4253,High-Value
4254,Medium-Value
4255,Medium-Value
4256,High-Value
4257,High-Value
4258,High-Value
4259,High-Value
4260,Medium-Value
4261,High-Value
4262,Low-Value
4263,Medium-Value
4264,High-Value
4265,High-Value
4266,Medium-Value
4267,Medium-Value
4268,High-Value
4269,Medium-Value
4270,High-Value
4271,High-Value
4272,High-Value
4273,Medium-Value
4274,High-Value
4275,Medium-Value
4276,High-Value
4277,High-Value
4278,Medium-Value
4279,High-Value
4280,High-Value
4281,Medium-Value
4282,Medium-Value
4283,Medium-Value
4284,Medium-Value
4285,High-Value
4286,High-Value
4287,High-Value
4288,Medium-Value
4289,High-Value
4290,Medium-Value
4291,High-Value
4292,Medium-Value
4293,High-Value
4294,High-Value
4295,Low-Value
4296,High-Value
4297,High-Value
4298,High-Value
4299,High-Value
4300,High-Value
4301,Medium-Value
4302,High-Value
4303,High-Value
4304,High-Value
4305,High-Value
4306,Medium-Value
4307,High-Value
4308,High-Value
4309,High-Value
4310,High-Value
4311,High-Value
4312,Low-Value
4313,Medium-Value
4314,High-Value
4315,High-Value
4316,Medium-Value
4317,High-Value
4318,High-Value
4319,High-Value
4320,Medium-Value
4321,Medium-Value
4322,High-Value
4323,High-Value
4324,Low-Value
4325,Medium-Value
4326,Medium-Value
4327,High-Value
4328,Medium-Value
4329,Medium-Value
4330,Medium-Value
4331,Medium-Value
4332,Medium-Value
4333,Medium-Value
4334,Low-Value
4335,Medium-Value
4336,High-Value
4337,High-Value
